<?xml version="1.0" encoding="UTF-8"?>
<project-private xmlns="http://www.netbeans.org/ns/project-private/1">
    <editor-bookmarks xmlns="http://www.netbeans.org/ns/editor-bookmarks/2" lastBookmarkId="0"/>
    <open-files xmlns="http://www.netbeans.org/ns/projectui-open-files/2">
        <group>
            <file>file:/C:/Users/Hardik/Documents/NetBeansProjects/Voting_Applcation_V2/src/java/com/tcs/ignite/Voting/Services/UserServices.java</file>
            <file>file:/C:/Users/Hardik/Documents/NetBeansProjects/Voting_Applcation_V2/src/java/com/tcs/ignite/Voting/Servlets/RegistrationServlet.java</file>
            <file>file:/C:/Users/Hardik/Documents/NetBeansProjects/Voting_Applcation_V2/web/header.jsp</file>
            <file>file:/C:/Users/Hardik/Documents/NetBeansProjects/Voting_Applcation_V2/web/js/index.js</file>
            <file>file:/C:/Users/Hardik/Documents/NetBeansProjects/Voting_Applcation_V2/web/Register.jsp</file>
        </group>
    </open-files>
</project-private>
